<metadata xml:lang="en"><Esri><CreaDate>20230523</CreaDate><CreaTime>16154700</CreaTime><ArcGISFormat>1.0</ArcGISFormat><SyncOnce>FALSE</SyncOnce><DataProperties><lineage><Process ToolSource="c:\users\mfth\appdata\local\programs\arcgis\pro\Resources\ArcToolbox\toolboxes\Data Management Tools.tbx\DefineProjection" Date="20230523" Time="161547">DefineProjection BranchConnections\DK1_100m_2023_BranchConnections PROJCS["ETRS_1989_UTM_Zone_32N",GEOGCS["GCS_ETRS_1989",DATUM["D_ETRS_1989",SPHEROID["GRS_1980",6378137.0,298.257222101]],PRIMEM["Greenwich",0.0],UNIT["Degree",0.0174532925199433]],PROJECTION["Transverse_Mercator"],PARAMETER["False_Easting",500000.0],PARAMETER["False_Northing",0.0],PARAMETER["Central_Meridian",9.0],PARAMETER["Scale_Factor",0.9996],PARAMETER["Latitude_Of_Origin",0.0],UNIT["Meter",1.0]]</Process><Process ToolSource="c:\users\mfth\appdata\local\programs\arcgis\pro\Resources\ArcToolbox\toolboxes\Data Management Tools.tbx\Merge" Date="20230523" Time="162033">Merge BranchConnections\DK1_100m_2023_BranchConnections;BranchConnections\DK2_100m_2023_BranchConnections;BranchConnections\DK3_100m_2023_BranchConnections;BranchConnections\DK4_100m_2023_BranchConnections;BranchConnections\DK5_100m_2023_BranchConnections;BranchConnections\DK6_100m_2023_BranchConnections M:\ArcGIS_Projects\VP3_QPoint_ID15\VP3_QPoint_ID15.gdb\Branch_Connections_Merge "BC_BrName "BC_BrName" true true false 60 Text 0 0,First,#,BranchConnections\DK1_100m_2023_BranchConnections,BC_BrName,0,60,BranchConnections\DK2_100m_2023_BranchConnections,BC_BrName,0,60,BranchConnections\DK3_100m_2023_BranchConnections,BC_BrName,0,60,BranchConnections\DK4_100m_2023_BranchConnections,BC_BrName,0,60,BranchConnections\DK5_100m_2023_BranchConnections,BC_BrName,0,60,BranchConnections\DK6_100m_2023_BranchConnections,BC_BrName,0,60;BC_UpsType "BC_UpsType" true true false 60 Double 0 60,First,#,BranchConnections\DK1_100m_2023_BranchConnections,BC_UpsType,-1,-1,BranchConnections\DK2_100m_2023_BranchConnections,BC_UpsType,-1,-1,BranchConnections\DK3_100m_2023_BranchConnections,BC_UpsType,-1,-1,BranchConnections\DK4_100m_2023_BranchConnections,BC_UpsType,-1,-1,BranchConnections\DK5_100m_2023_BranchConnections,BC_UpsType,-1,-1,BranchConnections\DK6_100m_2023_BranchConnections,BC_UpsType,-1,-1;BC_UpsName "BC_UpsName" true true false 60 Text 0 0,First,#,BranchConnections\DK1_100m_2023_BranchConnections,BC_UpsName,0,60,BranchConnections\DK2_100m_2023_BranchConnections,BC_UpsName,0,60,BranchConnections\DK3_100m_2023_BranchConnections,BC_UpsName,0,60,BranchConnections\DK4_100m_2023_BranchConnections,BC_UpsName,0,60,BranchConnections\DK5_100m_2023_BranchConnections,BC_UpsName,0,60,BranchConnections\DK6_100m_2023_BranchConnections,BC_UpsName,0,60;BC_UpsCh "BC_UpsCh" true true false 60 Text 0 0,First,#,BranchConnections\DK1_100m_2023_BranchConnections,BC_UpsCh,0,60,BranchConnections\DK2_100m_2023_BranchConnections,BC_UpsCh,0,60,BranchConnections\DK3_100m_2023_BranchConnections,BC_UpsCh,0,60,BranchConnections\DK4_100m_2023_BranchConnections,BC_UpsCh,0,60,BranchConnections\DK5_100m_2023_BranchConnections,BC_UpsCh,0,60,BranchConnections\DK6_100m_2023_BranchConnections,BC_UpsCh,0,60;BC_UpsStID "BC_UpsStID" true true false 60 Text 0 0,First,#,BranchConnections\DK1_100m_2023_BranchConnections,BC_UpsStID,0,60,BranchConnections\DK2_100m_2023_BranchConnections,BC_UpsStID,0,60,BranchConnections\DK3_100m_2023_BranchConnections,BC_UpsStID,0,60,BranchConnections\DK4_100m_2023_BranchConnections,BC_UpsStID,0,60,BranchConnections\DK5_100m_2023_BranchConnections,BC_UpsStID,0,60,BranchConnections\DK6_100m_2023_BranchConnections,BC_UpsStID,0,60;BC_DwsType "BC_DwsType" true true false 60 Double 0 60,First,#,BranchConnections\DK1_100m_2023_BranchConnections,BC_DwsType,-1,-1,BranchConnections\DK2_100m_2023_BranchConnections,BC_DwsType,-1,-1,BranchConnections\DK3_100m_2023_BranchConnections,BC_DwsType,-1,-1,BranchConnections\DK4_100m_2023_BranchConnections,BC_DwsType,-1,-1,BranchConnections\DK5_100m_2023_BranchConnections,BC_DwsType,-1,-1,BranchConnections\DK6_100m_2023_BranchConnections,BC_DwsType,-1,-1;BC_DwsName "BC_DwsName" true true false 60 Text 0 0,First,#,BranchConnections\DK1_100m_2023_BranchConnections,BC_DwsName,0,60,BranchConnections\DK2_100m_2023_BranchConnections,BC_DwsName,0,60,BranchConnections\DK3_100m_2023_BranchConnections,BC_DwsName,0,60,BranchConnections\DK4_100m_2023_BranchConnections,BC_DwsName,0,60,BranchConnections\DK5_100m_2023_BranchConnections,BC_DwsName,0,60,BranchConnections\DK6_100m_2023_BranchConnections,BC_DwsName,0,60;BC_DwsCh "BC_DwsCh" true true false 60 Text 0 0,First,#,BranchConnections\DK1_100m_2023_BranchConnections,BC_DwsCh,0,60,BranchConnections\DK2_100m_2023_BranchConnections,BC_DwsCh,0,60,BranchConnections\DK3_100m_2023_BranchConnections,BC_DwsCh,0,60,BranchConnections\DK4_100m_2023_BranchConnections,BC_DwsCh,0,60,BranchConnections\DK5_100m_2023_BranchConnections,BC_DwsCh,0,60,BranchConnections\DK6_100m_2023_BranchConnections,BC_DwsCh,0,60;BC_DwsStID "BC_DwsStID" true true false 60 Text 0 0,First,#,BranchConnections\DK1_100m_2023_BranchConnections,BC_DwsStID,0,60,BranchConnections\DK2_100m_2023_BranchConnections,BC_DwsStID,0,60,BranchConnections\DK3_100m_2023_BranchConnections,BC_DwsStID,0,60,BranchConnections\DK4_100m_2023_BranchConnections,BC_DwsStID,0,60,BranchConnections\DK5_100m_2023_BranchConnections,BC_DwsStID,0,60,BranchConnections\DK6_100m_2023_BranchConnections,BC_DwsStID,0,60" NO_SOURCE_INFO</Process><Process ToolSource="c:\users\mfth\appdata\local\programs\arcgis\pro\Resources\ArcToolbox\toolboxes\Data Management Tools.tbx\Merge" Date="20231121" Time="091010">Merge Branch_Connections_Merge;Branches_Merge M:\DK_branch_connections.shp "BC_BrName "BC_BrName" true true false 60 Text 0 0,First,#,Branch_Connections_Merge,BC_BrName,0,60;BC_UpsType "BC_UpsType" true true false 8 Double 0 0,First,#,Branch_Connections_Merge,BC_UpsType,-1,-1;BC_UpsName "BC_UpsName" true true false 60 Text 0 0,First,#,Branch_Connections_Merge,BC_UpsName,0,60;BC_UpsCh "BC_UpsCh" true true false 60 Text 0 0,First,#,Branch_Connections_Merge,BC_UpsCh,0,60;BC_UpsStID "BC_UpsStID" true true false 60 Text 0 0,First,#,Branch_Connections_Merge,BC_UpsStID,0,60;BC_DwsType "BC_DwsType" true true false 8 Double 0 0,First,#,Branch_Connections_Merge,BC_DwsType,-1,-1;BC_DwsName "BC_DwsName" true true false 60 Text 0 0,First,#,Branch_Connections_Merge,BC_DwsName,0,60;BC_DwsCh "BC_DwsCh" true true false 60 Text 0 0,First,#,Branch_Connections_Merge,BC_DwsCh,0,60;BC_DwsStID "BC_DwsStID" true true false 60 Text 0 0,First,#,Branch_Connections_Merge,BC_DwsStID,0,60;Shape_Leng "Shape_Length" false true true 8 Double 0 0,First,#,Branch_Connections_Merge,Shape_Length,-1,-1,Branches_Merge,Shape_Length,-1,-1;BR_BrName "BR_BrName" true true false 60 Text 0 0,First,#,Branches_Merge,BR_BrName,0,60;BR_TopoID "BR_TopoID" true true false 60 Text 0 0,First,#,Branches_Merge,BR_TopoID,0,60;BR_StartCh "BR_StartCh" true true false 60 Text 0 0,First,#,Branches_Merge,BR_StartCh,0,60;BR_EndCh "BR_EndCh" true true false 60 Text 0 0,First,#,Branches_Merge,BR_EndCh,0,60;BR_FlowDir "BR_FlowDir" true true false 8 Double 0 0,First,#,Branches_Merge,BR_FlowDir,-1,-1;BR_Type "BR_Type" true true false 8 Double 0 0,First,#,Branches_Merge,BR_Type,-1,-1" NO_SOURCE_INFO</Process><Process ToolSource="c:\users\mfth\appdata\local\programs\arcgis\pro\Resources\ArcToolbox\toolboxes\Data Management Tools.tbx\Dissolve" Date="20231121" Time="091441">Dissolve DK_branch_connections M:\ArcGIS_Projects\VP3_QPoint_ID15\VP3_QPoint_ID15.gdb\DK_branch_connectio_Dissolve # # SINGLE_PART UNSPLIT_LINES #</Process><Process ToolSource="c:\users\mfth\appdata\local\programs\arcgis\pro\Resources\ArcToolbox\toolboxes\Conversion Tools.tbx\ExportFeatures" Date="20231121" Time="104246">ExportFeatures DK_branch_connectio_Dissolve \\netapp2p\DKmodel_users\FloodMapping\DK_Streams.shp # NOT_USE_ALIAS "Shape_Length "Shape_Length" false true true 8 Double 0 0,First,#,DK_branch_connectio_Dissolve,Shape_Length,-1,-1" #</Process><Process ToolSource="c:\users\mfth\appdata\local\programs\arcgis\pro\Resources\ArcToolbox\toolboxes\Analysis Tools.tbx\Clip" Date="20231128" Time="134911">Clip DK_Streams RG_S1A_6E8F_VV_ASC_2020_02_20_v2 \\netapp2p\DKmodel_users\FloodMapping\Ribe_Case\Input\Vector\Streams.shp #</Process></lineage><itemProps><itemName Sync="TRUE">Streams</itemName><imsContentType Sync="TRUE">002</imsContentType><itemLocation><linkage Sync="TRUE">file://\\netapp2p\DKmodel_users\FloodMapping\Ribe_Case\Input\Vector\Streams.shp</linkage><protocol Sync="TRUE">Local Area Network</protocol></itemLocation><itemSize Sync="TRUE">0.000</itemSize></itemProps><coordRef><type Sync="TRUE">Projected</type><geogcsn Sync="TRUE">GCS_ETRS_1989</geogcsn><csUnits Sync="TRUE">Linear Unit: Meter (1.000000)</csUnits><projcsn Sync="TRUE">ETRS_1989_UTM_Zone_32N</projcsn><peXml Sync="TRUE">&lt;ProjectedCoordinateSystem xsi:type='typens:ProjectedCoordinateSystem' xmlns:xsi='http://www.w3.org/2001/XMLSchema-instance' xmlns:xs='http://www.w3.org/2001/XMLSchema' xmlns:typens='http://www.esri.com/schemas/ArcGIS/3.0.0'&gt;&lt;WKT&gt;PROJCS[&amp;quot;ETRS_1989_UTM_Zone_32N&amp;quot;,GEOGCS[&amp;quot;GCS_ETRS_1989&amp;quot;,DATUM[&amp;quot;D_ETRS_1989&amp;quot;,SPHEROID[&amp;quot;GRS_1980&amp;quot;,6378137.0,298.257222101]],PRIMEM[&amp;quot;Greenwich&amp;quot;,0.0],UNIT[&amp;quot;Degree&amp;quot;,0.0174532925199433]],PROJECTION[&amp;quot;Transverse_Mercator&amp;quot;],PARAMETER[&amp;quot;False_Easting&amp;quot;,500000.0],PARAMETER[&amp;quot;False_Northing&amp;quot;,0.0],PARAMETER[&amp;quot;Central_Meridian&amp;quot;,9.0],PARAMETER[&amp;quot;Scale_Factor&amp;quot;,0.9996],PARAMETER[&amp;quot;Latitude_Of_Origin&amp;quot;,0.0],UNIT[&amp;quot;Meter&amp;quot;,1.0],AUTHORITY[&amp;quot;EPSG&amp;quot;,25832]]&lt;/WKT&gt;&lt;XOrigin&gt;-5120900&lt;/XOrigin&gt;&lt;YOrigin&gt;-9998100&lt;/YOrigin&gt;&lt;XYScale&gt;450445547.3910538&lt;/XYScale&gt;&lt;ZOrigin&gt;-100000&lt;/ZOrigin&gt;&lt;ZScale&gt;10000&lt;/ZScale&gt;&lt;MOrigin&gt;-100000&lt;/MOrigin&gt;&lt;MScale&gt;10000&lt;/MScale&gt;&lt;XYTolerance&gt;0.001&lt;/XYTolerance&gt;&lt;ZTolerance&gt;0.001&lt;/ZTolerance&gt;&lt;MTolerance&gt;0.001&lt;/MTolerance&gt;&lt;HighPrecision&gt;true&lt;/HighPrecision&gt;&lt;WKID&gt;25832&lt;/WKID&gt;&lt;LatestWKID&gt;25832&lt;/LatestWKID&gt;&lt;/ProjectedCoordinateSystem&gt;</peXml></coordRef></DataProperties><SyncDate>20231128</SyncDate><SyncTime>13491000</SyncTime><ModDate>20231128</ModDate><ModTime>13491000</ModTime></Esri><dataIdInfo><envirDesc Sync="TRUE">Microsoft Windows 10 Version 10.0 (Build 19045) ; Esri ArcGIS 13.0.0.36056</envirDesc><dataLang><languageCode value="eng" Sync="TRUE"></languageCode><countryCode value="USA" Sync="TRUE"></countryCode></dataLang><idCitation><resTitle Sync="TRUE">Streams</resTitle><presForm><PresFormCd value="005" Sync="TRUE"></PresFormCd></presForm></idCitation><spatRpType><SpatRepTypCd value="001" Sync="TRUE"></SpatRepTypCd></spatRpType></dataIdInfo><mdLang><languageCode value="eng" Sync="TRUE"></languageCode><countryCode value="USA" Sync="TRUE"></countryCode></mdLang><distInfo><distFormat><formatName Sync="TRUE">Shapefile</formatName></distFormat><distTranOps><transSize Sync="TRUE">0.000</transSize></distTranOps></distInfo><mdHrLv><ScopeCd value="005" Sync="TRUE"></ScopeCd></mdHrLv><mdHrLvName Sync="TRUE">dataset</mdHrLvName><refSysInfo><RefSystem><refSysID><identCode code="25832" Sync="TRUE"></identCode><idCodeSpace Sync="TRUE">EPSG</idCodeSpace><idVersion Sync="TRUE">4.3(4.0.0)</idVersion></refSysID></RefSystem></refSysInfo><spatRepInfo><VectSpatRep><geometObjs Name="Streams"><geoObjTyp><GeoObjTypCd value="002" Sync="TRUE"></GeoObjTypCd></geoObjTyp><geoObjCnt Sync="TRUE">0</geoObjCnt></geometObjs><topLvl><TopoLevCd value="001" Sync="TRUE"></TopoLevCd></topLvl></VectSpatRep></spatRepInfo><spdoinfo><ptvctinf><esriterm Name="Streams"><efeatyp Sync="TRUE">Simple</efeatyp><efeageom code="3" Sync="TRUE"></efeageom><esritopo Sync="TRUE">FALSE</esritopo><efeacnt Sync="TRUE">0</efeacnt><spindex Sync="TRUE">FALSE</spindex><linrefer Sync="TRUE">FALSE</linrefer></esriterm></ptvctinf></spdoinfo><eainfo><detailed Name="Streams"><enttyp><enttypl Sync="TRUE">Streams</enttypl><enttypt Sync="TRUE">Feature Class</enttypt><enttypc Sync="TRUE">0</enttypc></enttyp><attr><attrlabl Sync="TRUE">FID</attrlabl><attalias Sync="TRUE">FID</attalias><attrtype Sync="TRUE">OID</attrtype><attwidth Sync="TRUE">4</attwidth><atprecis Sync="TRUE">0</atprecis><attscale Sync="TRUE">0</attscale><attrdef Sync="TRUE">Internal feature number.</attrdef><attrdefs Sync="TRUE">Esri</attrdefs><attrdomv><udom Sync="TRUE">Sequential unique whole numbers that are automatically generated.</udom></attrdomv></attr><attr><attrlabl Sync="TRUE">Shape</attrlabl><attalias Sync="TRUE">Shape</attalias><attrtype Sync="TRUE">Geometry</attrtype><attwidth Sync="TRUE">0</attwidth><atprecis Sync="TRUE">0</atprecis><attscale Sync="TRUE">0</attscale><attrdef Sync="TRUE">Feature geometry.</attrdef><attrdefs Sync="TRUE">Esri</attrdefs><attrdomv><udom Sync="TRUE">Coordinates defining the features.</udom></attrdomv></attr><attr><attrlabl Sync="TRUE">Shape_Leng</attrlabl><attalias Sync="TRUE">Shape_Leng</attalias><attrtype Sync="TRUE">Double</attrtype><attwidth Sync="TRUE">19</attwidth><atprecis Sync="TRUE">0</atprecis><attscale Sync="TRUE">0</attscale></attr></detailed></eainfo><mdDateSt Sync="TRUE">20231128</mdDateSt></metadata>
